id,label,dataset_name,folder
0,real,ffhq,test
1,real,ffhq,train
2,real,ffhq,test
3,real,ffhq,test
4,real,ffhq,train
5,real,ffhq,train
6,real,ffhq,train
7,real,ffhq,train
8,real,ffhq,test
9,real,ffhq,train
10,real,ffhq,train
11,real,ffhq,train
12,real,ffhq,train
13,real,ffhq,train
14,real,ffhq,train
15,real,ffhq,train
16,real,ffhq,train
17,real,ffhq,train
18,real,ffhq,train
19,real,ffhq,train
20,real,ffhq,train
21,real,ffhq,train
22,real,ffhq,train
23,real,ffhq,train
24,real,ffhq,train
25,real,ffhq,test
26,real,ffhq,test
27,real,ffhq,train
28,real,ffhq,train
29,real,ffhq,test
30,real,ffhq,train
31,real,ffhq,test
32,real,ffhq,train
33,real,ffhq,train
34,real,ffhq,train
35,real,ffhq,train
36,real,ffhq,train
37,real,ffhq,train
38,real,ffhq,test
39,real,ffhq,train
40,real,ffhq,train
41,real,ffhq,train
42,real,ffhq,train
43,real,ffhq,train
44,real,ffhq,train
45,real,ffhq,test
46,real,ffhq,train
47,real,ffhq,train
48,real,ffhq,train
49,real,ffhq,train
50,real,ffhq,train
51,real,ffhq,test
52,real,ffhq,train
53,real,ffhq,train
54,real,ffhq,train
55,real,ffhq,train
56,real,ffhq,train
57,real,ffhq,train
58,real,ffhq,train
59,real,ffhq,train
60,real,ffhq,test
61,real,ffhq,train
62,real,ffhq,train
63,real,ffhq,train
64,real,ffhq,train
65,real,ffhq,test
66,real,ffhq,train
67,real,ffhq,train
68,real,ffhq,train
69,real,ffhq,train
70,real,ffhq,test
71,real,ffhq,train
72,real,ffhq,train
73,real,ffhq,train
74,real,ffhq,train
75,real,ffhq,train
76,real,ffhq,train
77,real,ffhq,train
78,real,ffhq,train
79,real,ffhq,train
80,real,ffhq,train
81,real,ffhq,train
82,real,ffhq,train
83,real,ffhq,test
84,real,ffhq,test
85,real,ffhq,test
86,real,ffhq,test
87,real,ffhq,train
88,real,ffhq,train
89,real,ffhq,test
90,real,ffhq,train
91,real,ffhq,train
92,real,ffhq,train
93,real,ffhq,train
94,real,ffhq,train
95,real,ffhq,test
96,real,ffhq,train
97,real,ffhq,test
98,real,ffhq,train
99,real,ffhq,train
100,real,ffhq,train
101,real,ffhq,train
102,real,ffhq,test
103,real,ffhq,train
104,real,ffhq,train
105,real,ffhq,train
106,real,ffhq,train
107,real,ffhq,train
108,real,ffhq,train
109,real,ffhq,test
110,real,ffhq,train
111,real,ffhq,train
112,real,ffhq,train
113,real,ffhq,train
114,real,ffhq,test
115,real,ffhq,train
116,real,ffhq,train
117,real,ffhq,train
118,real,ffhq,train
119,real,ffhq,train
120,real,ffhq,train
121,real,ffhq,train
122,real,ffhq,train
123,real,ffhq,train
124,real,ffhq,train
125,real,ffhq,train
126,real,ffhq,test
127,real,ffhq,train
128,real,ffhq,train
129,real,ffhq,test
130,real,ffhq,train
131,real,ffhq,train
132,real,ffhq,train
133,real,ffhq,train
134,real,ffhq,train
135,real,ffhq,train
136,real,ffhq,train
137,real,ffhq,train
138,real,ffhq,test
139,real,ffhq,train
140,real,ffhq,train
141,real,ffhq,train
142,real,ffhq,test
143,real,ffhq,train
144,real,ffhq,train
145,real,ffhq,train
146,real,ffhq,train
147,real,ffhq,train
148,real,ffhq,train
149,real,ffhq,train
150,real,ffhq,train
151,real,ffhq,train
152,real,ffhq,train
153,real,ffhq,test
154,real,ffhq,train
155,real,ffhq,test
156,real,ffhq,train
157,real,ffhq,train
158,real,ffhq,train
159,real,ffhq,train
160,real,ffhq,train
161,real,ffhq,test
162,real,ffhq,train
163,real,ffhq,train
164,real,ffhq,train
165,real,ffhq,train
166,real,ffhq,train
167,real,ffhq,train
168,real,ffhq,train
169,real,ffhq,train
170,real,ffhq,train
171,real,ffhq,train
172,real,ffhq,train
173,real,ffhq,train
174,real,ffhq,train
175,real,ffhq,test
176,real,ffhq,train
177,real,ffhq,test
178,real,ffhq,train
179,real,ffhq,train
180,real,ffhq,train
181,real,ffhq,train
182,real,ffhq,train
183,real,ffhq,train
184,real,ffhq,train
185,real,ffhq,train
186,real,ffhq,train
187,real,ffhq,train
188,real,ffhq,train
189,real,ffhq,train
190,real,ffhq,train
191,real,ffhq,train
192,real,ffhq,train
193,real,ffhq,train
194,real,ffhq,train
195,real,ffhq,test
196,real,ffhq,train
197,real,ffhq,train
198,real,ffhq,test
199,real,ffhq,train
200,real,ffhq,train
201,real,ffhq,train
202,real,ffhq,test
203,real,ffhq,test
204,real,ffhq,test
205,real,ffhq,train
206,real,ffhq,train
207,real,ffhq,train
208,real,ffhq,train
209,real,ffhq,train
210,real,ffhq,test
211,real,ffhq,train
212,real,ffhq,train
213,real,ffhq,train
214,real,ffhq,train
215,real,ffhq,train
216,real,ffhq,train
217,real,ffhq,train
218,real,ffhq,train
219,real,ffhq,train
220,real,ffhq,train
221,real,ffhq,train
222,real,ffhq,train
223,real,ffhq,train
224,real,ffhq,train
225,real,ffhq,train
226,real,ffhq,test
227,real,ffhq,train
228,real,ffhq,train
229,real,ffhq,test
230,real,ffhq,train
231,real,ffhq,train
232,real,ffhq,train
233,real,ffhq,train
234,real,ffhq,train
235,real,ffhq,train
236,real,ffhq,train
237,real,ffhq,train
238,real,ffhq,train
239,real,ffhq,train
240,real,ffhq,train
241,real,ffhq,train
242,real,ffhq,train
243,real,ffhq,train
244,real,ffhq,train
245,real,ffhq,test
246,real,ffhq,test
247,real,ffhq,train
248,real,ffhq,train
249,real,ffhq,train
250,real,ffhq,test
251,real,ffhq,test
252,real,ffhq,test
253,real,ffhq,train
254,real,ffhq,test
255,real,ffhq,train
256,real,ffhq,train
257,real,ffhq,test
258,real,ffhq,train
259,real,ffhq,train
260,real,ffhq,train
261,real,ffhq,train
262,real,ffhq,test
263,real,ffhq,train
264,real,ffhq,train
265,real,ffhq,train
266,real,ffhq,train
267,real,ffhq,train
268,real,ffhq,test
269,real,ffhq,train
270,real,ffhq,test
271,real,ffhq,train
272,real,ffhq,train
273,real,ffhq,train
274,real,ffhq,train
275,real,ffhq,train
276,real,ffhq,train
277,real,ffhq,train
278,real,ffhq,train
279,real,ffhq,train
280,real,ffhq,train
281,real,ffhq,train
282,real,ffhq,train
283,real,ffhq,train
284,real,ffhq,test
285,real,ffhq,train
286,real,ffhq,train
287,real,ffhq,test
288,real,ffhq,train
289,real,ffhq,train
290,real,ffhq,train
291,real,ffhq,train
292,real,ffhq,train
293,real,ffhq,test
294,real,ffhq,test
295,real,ffhq,train
296,real,ffhq,train
297,real,ffhq,train
298,real,ffhq,train
299,real,ffhq,test
300,real,ffhq,train
301,real,ffhq,train
302,real,ffhq,train
303,real,ffhq,train
304,real,ffhq,train
305,real,ffhq,train
306,real,ffhq,train
307,real,ffhq,train
308,real,ffhq,train
309,real,ffhq,train
310,real,ffhq,train
311,real,ffhq,train
312,real,ffhq,train
313,real,ffhq,test
314,real,ffhq,train
315,real,ffhq,train
316,real,ffhq,train
317,real,ffhq,train
318,real,ffhq,train
319,real,ffhq,train
320,real,ffhq,train
321,real,ffhq,train
322,real,ffhq,train
323,real,ffhq,train
324,real,ffhq,train
325,real,ffhq,test
326,real,ffhq,train
327,real,ffhq,train
328,real,ffhq,train
329,real,ffhq,train
330,real,ffhq,train
331,real,ffhq,test
332,real,ffhq,train
333,real,ffhq,train
334,real,ffhq,test
335,real,ffhq,train
336,real,ffhq,train
337,real,ffhq,train
338,real,ffhq,train
339,real,ffhq,test
340,real,ffhq,test
341,real,ffhq,train
342,real,ffhq,train
343,real,ffhq,train
344,real,ffhq,train
345,real,ffhq,train
346,real,ffhq,test
347,real,ffhq,train
348,real,ffhq,train
349,real,ffhq,train
350,real,ffhq,train
351,real,ffhq,train
352,real,ffhq,test
353,real,ffhq,train
354,real,ffhq,train
355,real,ffhq,train
356,real,ffhq,train
357,real,ffhq,train
358,real,ffhq,train
359,real,ffhq,test
360,real,ffhq,train
361,real,ffhq,train
362,real,ffhq,train
363,real,ffhq,train
364,real,ffhq,train
365,real,ffhq,test
366,real,ffhq,train
367,real,ffhq,test
368,real,ffhq,train
369,real,ffhq,test
370,real,ffhq,test
371,real,ffhq,train
372,real,ffhq,train
373,real,ffhq,train
374,real,ffhq,train
375,real,ffhq,train
376,real,ffhq,train
377,real,ffhq,train
378,real,ffhq,train
379,real,ffhq,train
380,real,ffhq,train
381,real,ffhq,test
382,real,ffhq,train
383,real,ffhq,train
384,real,ffhq,train
385,real,ffhq,train
386,real,ffhq,train
387,real,ffhq,train
388,real,ffhq,train
389,real,ffhq,train
390,real,ffhq,train
391,real,ffhq,train
392,real,ffhq,train
393,real,ffhq,train
394,real,ffhq,test
395,real,ffhq,test
396,real,ffhq,train
397,real,ffhq,train
398,real,ffhq,train
399,real,ffhq,train
400,real,ffhq,train
401,real,ffhq,test
402,real,ffhq,train
403,real,ffhq,train
404,real,ffhq,train
405,real,ffhq,train
406,real,ffhq,test
407,real,ffhq,train
408,real,ffhq,train
409,real,ffhq,train
410,real,ffhq,train
411,real,ffhq,train
412,real,ffhq,train
413,real,ffhq,train
414,real,ffhq,train
415,real,ffhq,train
416,real,ffhq,train
417,real,ffhq,test
418,real,ffhq,train
419,real,ffhq,test
420,real,ffhq,test
421,real,ffhq,train
422,real,ffhq,test
423,real,ffhq,train
424,real,ffhq,train
425,real,ffhq,test
426,real,ffhq,train
427,real,ffhq,train
428,real,ffhq,train
429,real,ffhq,train
430,real,ffhq,train
431,real,ffhq,train
432,real,ffhq,train
433,real,ffhq,train
434,real,ffhq,train
435,real,ffhq,test
436,real,ffhq,train
437,real,ffhq,train
438,real,ffhq,train
439,real,ffhq,train
440,real,ffhq,train
441,real,ffhq,train
442,real,ffhq,train
443,real,ffhq,train
444,real,ffhq,test
445,real,ffhq,test
446,real,ffhq,train
447,real,ffhq,train
448,real,ffhq,test
449,real,ffhq,train
450,real,ffhq,train
451,real,ffhq,train
452,real,ffhq,train
453,real,ffhq,test
454,real,ffhq,train
455,real,ffhq,train
456,real,ffhq,train
457,real,ffhq,train
458,real,ffhq,train
459,real,ffhq,test
460,real,ffhq,test
461,real,ffhq,train
462,real,ffhq,train
463,real,ffhq,train
464,real,ffhq,test
465,real,ffhq,train
466,real,ffhq,train
467,real,ffhq,train
468,real,ffhq,train
469,real,ffhq,test
470,real,ffhq,train
471,real,ffhq,train
472,real,ffhq,test
473,real,ffhq,train
474,real,ffhq,test
475,real,ffhq,test
476,real,ffhq,test
477,real,ffhq,train
478,real,ffhq,test
479,real,ffhq,train
480,real,ffhq,train
481,real,ffhq,train
482,real,ffhq,test
483,real,ffhq,train
484,real,ffhq,train
485,real,ffhq,test
486,real,ffhq,train
487,real,ffhq,train
488,real,ffhq,train
489,real,ffhq,train
490,real,ffhq,train
491,real,ffhq,test
492,real,ffhq,train
493,real,ffhq,test
494,real,ffhq,train
495,real,ffhq,train
496,real,ffhq,train
497,real,ffhq,test
498,real,ffhq,train
499,real,ffhq,test
500,real,ffhq,train
501,real,ffhq,train
502,real,ffhq,train
503,real,ffhq,train
504,real,ffhq,train
505,real,ffhq,train
506,real,ffhq,test
507,real,ffhq,train
508,real,ffhq,train
509,real,ffhq,train
510,real,ffhq,test
511,real,ffhq,test
512,real,ffhq,train
513,real,ffhq,train
514,real,ffhq,train
515,real,ffhq,test
516,real,ffhq,test
517,real,ffhq,train
518,real,ffhq,train
519,real,ffhq,train
520,real,ffhq,train
521,real,ffhq,train
522,real,ffhq,test
523,real,ffhq,train
524,real,ffhq,train
525,real,ffhq,train
526,real,ffhq,test
527,real,ffhq,train
528,real,ffhq,train
529,real,ffhq,train
530,real,ffhq,train
531,real,ffhq,train
532,real,ffhq,test
533,real,ffhq,train
534,real,ffhq,train
535,real,ffhq,train
536,real,ffhq,train
537,real,ffhq,train
538,real,ffhq,train
539,real,ffhq,train
540,real,ffhq,train
541,real,ffhq,test
542,real,ffhq,train
543,real,ffhq,train
544,real,ffhq,train
545,real,ffhq,train
546,real,ffhq,train
547,real,ffhq,test
548,real,ffhq,test
549,real,ffhq,test
550,real,ffhq,train
551,real,ffhq,train
552,real,ffhq,train
553,real,ffhq,train
554,real,ffhq,train
555,real,ffhq,train
556,real,ffhq,train
557,real,ffhq,train
558,real,ffhq,train
559,real,ffhq,train
560,real,ffhq,train
561,real,ffhq,train
562,real,ffhq,test
563,real,ffhq,test
564,real,ffhq,train
565,real,ffhq,train
566,real,ffhq,train
567,real,ffhq,train
568,real,ffhq,train
569,real,ffhq,train
570,real,ffhq,train
571,real,ffhq,test
572,real,ffhq,train
573,real,ffhq,train
574,real,ffhq,train
575,real,ffhq,train
576,real,ffhq,test
577,real,ffhq,train
578,real,ffhq,test
579,real,ffhq,test
580,real,ffhq,train
581,real,ffhq,train
582,real,ffhq,train
583,real,ffhq,train
584,real,ffhq,train
585,real,ffhq,test
586,real,ffhq,train
587,real,ffhq,train
588,real,ffhq,train
589,real,ffhq,train
590,real,ffhq,train
591,real,ffhq,train
592,real,ffhq,train
593,real,ffhq,train
594,real,ffhq,test
595,real,ffhq,train
596,real,ffhq,test
597,real,ffhq,train
598,real,ffhq,train
599,real,ffhq,train
600,real,ffhq,train
601,real,ffhq,train
602,real,ffhq,train
603,real,ffhq,test
604,real,ffhq,train
605,real,ffhq,train
606,real,ffhq,test
607,real,ffhq,train
608,real,ffhq,train
609,real,ffhq,train
610,real,ffhq,train
611,real,ffhq,test
612,real,ffhq,train
613,real,ffhq,train
614,real,ffhq,train
615,real,ffhq,train
616,real,ffhq,train
617,real,ffhq,train
618,real,ffhq,train
619,real,ffhq,test
620,real,ffhq,train
621,real,ffhq,train
622,real,ffhq,train
623,real,ffhq,train
624,real,ffhq,train
625,real,ffhq,train
626,real,ffhq,train
627,real,ffhq,train
628,real,ffhq,train
629,real,ffhq,train
630,real,ffhq,train
631,real,ffhq,train
632,real,ffhq,train
633,real,ffhq,test
634,real,ffhq,train
635,real,ffhq,train
636,real,ffhq,train
637,real,ffhq,test
638,real,ffhq,train
639,real,ffhq,test
640,real,ffhq,train
641,real,ffhq,train
642,real,ffhq,train
643,real,ffhq,train
644,real,ffhq,train
645,real,ffhq,test
646,real,ffhq,test
647,real,ffhq,train
648,real,ffhq,train
649,real,ffhq,test
650,real,ffhq,train
651,real,ffhq,train
652,real,ffhq,train
653,real,ffhq,train
654,real,ffhq,test
655,real,ffhq,train
656,real,ffhq,train
657,real,ffhq,test
658,real,ffhq,train
659,real,ffhq,train
660,real,ffhq,train
661,real,ffhq,test
662,real,ffhq,train
663,real,ffhq,train
664,real,ffhq,train
665,real,ffhq,train
666,real,ffhq,train
667,real,ffhq,test
668,real,ffhq,train
669,real,ffhq,train
670,real,ffhq,train
671,real,ffhq,train
672,real,ffhq,train
673,real,ffhq,train
674,real,ffhq,train
675,real,ffhq,train
676,real,ffhq,train
677,real,ffhq,test
678,real,ffhq,train
679,real,ffhq,train
680,real,ffhq,train
681,real,ffhq,test
682,real,ffhq,train
683,real,ffhq,train
684,real,ffhq,train
685,real,ffhq,test
686,real,ffhq,train
687,real,ffhq,train
688,real,ffhq,train
689,real,ffhq,train
690,real,ffhq,train
691,real,ffhq,train
692,real,ffhq,train
693,real,ffhq,train
694,real,ffhq,train
695,real,ffhq,train
696,real,ffhq,train
697,real,ffhq,train
698,real,ffhq,train
699,real,ffhq,test
700,real,ffhq,test
701,real,ffhq,train
702,real,ffhq,train
703,real,ffhq,test
704,real,ffhq,train
705,real,ffhq,train
706,real,ffhq,train
707,real,ffhq,train
708,real,ffhq,train
709,real,ffhq,train
710,real,ffhq,train
711,real,ffhq,train
712,real,ffhq,train
713,real,ffhq,train
714,real,ffhq,test
715,real,ffhq,test
716,real,ffhq,train
717,real,ffhq,train
718,real,ffhq,test
719,real,ffhq,train
720,real,ffhq,train
721,real,ffhq,train
722,real,ffhq,train
723,real,ffhq,train
724,real,ffhq,train
725,real,ffhq,train
726,real,ffhq,test
727,real,ffhq,train
728,real,ffhq,train
729,real,ffhq,train
730,real,ffhq,train
731,real,ffhq,train
732,real,ffhq,test
733,real,ffhq,train
734,real,ffhq,train
735,real,ffhq,train
736,real,ffhq,train
737,real,ffhq,test
738,real,ffhq,train
739,real,ffhq,test
740,real,ffhq,test
741,real,ffhq,train
742,real,ffhq,test
743,real,ffhq,train
744,real,ffhq,train
745,real,ffhq,test
746,real,ffhq,train
747,real,ffhq,train
748,real,ffhq,train
749,real,ffhq,train
750,real,celebahq,train
751,real,celebahq,train
752,real,celebahq,train
753,real,celebahq,train
754,real,celebahq,train
755,real,celebahq,train
756,real,celebahq,train
757,real,celebahq,train
758,real,celebahq,test
759,real,celebahq,train
760,real,celebahq,train
761,real,celebahq,train
762,real,celebahq,test
763,real,celebahq,train
764,real,celebahq,test
765,real,celebahq,train
766,real,celebahq,test
767,real,celebahq,test
768,real,celebahq,train
769,real,celebahq,train
770,real,celebahq,train
771,real,celebahq,train
772,real,celebahq,test
773,real,celebahq,train
774,real,celebahq,train
775,real,celebahq,train
776,real,celebahq,train
777,real,celebahq,train
778,real,celebahq,train
779,real,celebahq,train
780,real,celebahq,train
781,real,celebahq,train
782,real,celebahq,train
783,real,celebahq,train
784,real,celebahq,train
785,real,celebahq,train
786,real,celebahq,test
787,real,celebahq,train
788,real,celebahq,test
789,real,celebahq,train
790,real,celebahq,train
791,real,celebahq,train
792,real,celebahq,train
793,real,celebahq,train
794,real,celebahq,train
795,real,celebahq,test
796,real,celebahq,train
797,real,celebahq,train
798,real,celebahq,test
799,real,celebahq,test
800,real,celebahq,train
801,real,celebahq,train
802,real,celebahq,train
803,real,celebahq,train
804,real,celebahq,train
805,real,celebahq,train
806,real,celebahq,train
807,real,celebahq,train
808,real,celebahq,train
809,real,celebahq,train
810,real,celebahq,train
811,real,celebahq,test
812,real,celebahq,test
813,real,celebahq,train
814,real,celebahq,train
815,real,celebahq,test
816,real,celebahq,test
817,real,celebahq,test
818,real,celebahq,test
819,real,celebahq,train
820,real,celebahq,train
821,real,celebahq,train
822,real,celebahq,test
823,real,celebahq,train
824,real,celebahq,test
825,real,celebahq,train
826,real,celebahq,train
827,real,celebahq,test
828,real,celebahq,train
829,real,celebahq,train
830,real,celebahq,train
831,real,celebahq,train
832,real,celebahq,train
833,real,celebahq,train
834,real,celebahq,train
835,real,celebahq,train
836,real,celebahq,train
837,real,celebahq,train
838,real,celebahq,train
839,real,celebahq,train
840,real,celebahq,test
841,real,celebahq,train
842,real,celebahq,test
843,real,celebahq,train
844,real,celebahq,train
845,real,celebahq,train
846,real,celebahq,train
847,real,celebahq,train
848,real,celebahq,train
849,real,celebahq,train
850,real,celebahq,train
851,real,celebahq,train
852,real,celebahq,train
853,real,celebahq,test
854,real,celebahq,test
855,real,celebahq,train
856,real,celebahq,train
857,real,celebahq,train
858,real,celebahq,test
859,real,celebahq,train
860,real,celebahq,train
861,real,celebahq,test
862,real,celebahq,train
863,real,celebahq,train
864,real,celebahq,train
865,real,celebahq,train
866,real,celebahq,train
867,real,celebahq,train
868,real,celebahq,train
869,real,celebahq,train
870,real,celebahq,test
871,real,celebahq,train
872,real,celebahq,train
873,real,celebahq,test
874,real,celebahq,train
875,real,celebahq,train
876,real,celebahq,train
877,real,celebahq,train
878,real,celebahq,train
879,real,celebahq,test
880,real,celebahq,train
881,real,celebahq,train
882,real,celebahq,train
883,real,celebahq,train
884,real,celebahq,test
885,real,celebahq,train
886,real,celebahq,train
887,real,celebahq,train
888,real,celebahq,train
889,real,celebahq,train
890,real,celebahq,train
891,real,celebahq,train
892,real,celebahq,train
893,real,celebahq,train
894,real,celebahq,test
895,real,celebahq,test
896,real,celebahq,train
897,real,celebahq,train
898,real,celebahq,test
899,real,celebahq,train
900,real,celebahq,train
901,real,celebahq,train
902,real,celebahq,train
903,real,celebahq,train
904,real,celebahq,train
905,real,celebahq,train
906,real,celebahq,test
907,real,celebahq,train
908,real,celebahq,train
909,real,celebahq,test
910,real,celebahq,train
911,real,celebahq,train
912,real,celebahq,train
913,real,celebahq,train
914,real,celebahq,train
915,real,celebahq,test
916,real,celebahq,train
917,real,celebahq,train
918,real,celebahq,test
919,real,celebahq,train
920,real,celebahq,train
921,real,celebahq,train
922,real,celebahq,test
923,real,celebahq,train
924,real,celebahq,test
925,real,celebahq,train
926,real,celebahq,train
927,real,celebahq,train
928,real,celebahq,train
929,real,celebahq,train
930,real,celebahq,train
931,real,celebahq,test
932,real,celebahq,test
933,real,celebahq,train
934,real,celebahq,train
935,real,celebahq,train
936,real,celebahq,test
937,real,celebahq,train
938,real,celebahq,train
939,real,celebahq,train
940,real,celebahq,train
941,real,celebahq,train
942,real,celebahq,train
943,real,celebahq,train
944,real,celebahq,train
945,real,celebahq,train
946,real,celebahq,train
947,real,celebahq,train
948,real,celebahq,train
949,real,celebahq,train
950,real,celebahq,train
951,real,celebahq,test
952,real,celebahq,train
953,real,celebahq,train
954,real,celebahq,test
955,real,celebahq,train
956,real,celebahq,train
957,real,celebahq,train
958,real,celebahq,train
959,real,celebahq,train
960,real,celebahq,train
961,real,celebahq,test
962,real,celebahq,train
963,real,celebahq,train
964,real,celebahq,train
965,real,celebahq,test
966,real,celebahq,test
967,real,celebahq,train
968,real,celebahq,train
969,real,celebahq,train
970,real,celebahq,train
971,real,celebahq,train
972,real,celebahq,train
973,real,celebahq,train
974,real,celebahq,train
975,real,celebahq,train
976,real,celebahq,train
977,real,celebahq,train
978,real,celebahq,train
979,real,celebahq,test
980,real,celebahq,train
981,real,celebahq,train
982,real,celebahq,test
983,real,celebahq,train
984,real,celebahq,train
985,real,celebahq,train
986,real,celebahq,train
987,real,celebahq,train
988,real,celebahq,train
989,real,celebahq,train
990,real,celebahq,train
991,real,celebahq,test
992,real,celebahq,train
993,real,celebahq,train
994,real,celebahq,train
995,real,celebahq,test
996,real,celebahq,train
997,real,celebahq,train
998,real,celebahq,train
999,real,celebahq,train
1000,real,celebahq,train
1001,real,celebahq,test
1002,real,celebahq,train
1003,real,celebahq,train
1004,real,celebahq,train
1005,real,celebahq,train
1006,real,celebahq,train
1007,real,celebahq,test
1008,real,celebahq,train
1009,real,celebahq,train
1010,real,celebahq,train
1011,real,celebahq,train
1012,real,celebahq,train
1013,real,celebahq,train
1014,real,celebahq,train
1015,real,celebahq,test
1016,real,celebahq,train
1017,real,celebahq,train
1018,real,celebahq,test
1019,real,celebahq,train
1020,real,celebahq,train
1021,real,celebahq,train
1022,real,celebahq,train
1023,real,celebahq,test
1024,real,celebahq,train
1025,real,celebahq,train
1026,real,celebahq,train
1027,real,celebahq,test
1028,real,celebahq,train
1029,real,celebahq,test
1030,real,celebahq,test
1031,real,celebahq,train
1032,real,celebahq,train
1033,real,celebahq,test
1034,real,celebahq,train
1035,real,celebahq,train
1036,real,celebahq,train
1037,real,celebahq,train
1038,real,celebahq,train
1039,real,celebahq,test
1040,real,celebahq,train
1041,real,celebahq,train
1042,real,celebahq,train
1043,real,celebahq,train
1044,real,celebahq,train
1045,real,celebahq,train
1046,real,celebahq,train
1047,real,celebahq,train
1048,real,celebahq,train
1049,real,celebahq,train
1050,real,celebahq,train
1051,real,celebahq,train
1052,real,celebahq,train
1053,real,celebahq,test
1054,real,celebahq,train
1055,real,celebahq,train
1056,real,celebahq,train
1057,real,celebahq,train
1058,real,celebahq,train
1059,real,celebahq,test
1060,real,celebahq,train
1061,real,celebahq,train
1062,real,celebahq,train
1063,real,celebahq,train
1064,real,celebahq,test
1065,real,celebahq,train
1066,real,celebahq,train
1067,real,celebahq,train
1068,real,celebahq,train
1069,real,celebahq,train
1070,real,celebahq,test
1071,real,celebahq,train
1072,real,celebahq,train
1073,real,celebahq,train
1074,real,celebahq,train
1075,real,celebahq,train
1076,real,celebahq,train
1077,real,celebahq,train
1078,real,celebahq,train
1079,real,celebahq,test
1080,real,celebahq,test
1081,real,celebahq,train
1082,real,celebahq,test
1083,real,celebahq,train
1084,real,celebahq,train
1085,real,celebahq,test
1086,real,celebahq,test
1087,real,celebahq,train
1088,real,celebahq,train
1089,real,celebahq,test
1090,real,celebahq,train
1091,real,celebahq,train
1092,real,celebahq,train
1093,real,celebahq,train
1094,real,celebahq,test
1095,real,celebahq,train
1096,real,celebahq,train
1097,real,celebahq,test
1098,real,celebahq,train
1099,real,celebahq,train
1100,real,celebahq,train
1101,real,celebahq,train
1102,real,celebahq,train
1103,real,celebahq,train
1104,real,celebahq,train
1105,real,celebahq,train
1106,real,celebahq,train
1107,real,celebahq,train
1108,real,celebahq,train
1109,real,celebahq,train
1110,real,celebahq,train
1111,real,celebahq,train
1112,real,celebahq,train
1113,real,celebahq,train
1114,real,celebahq,train
1115,real,celebahq,train
1116,real,celebahq,train
1117,real,celebahq,train
1118,real,celebahq,train
1119,real,celebahq,train
1120,real,celebahq,test
1121,real,celebahq,train
1122,real,celebahq,train
1123,real,celebahq,train
1124,real,celebahq,test
1125,real,celebahq,train
1126,real,celebahq,train
1127,real,celebahq,train
1128,real,celebahq,train
1129,real,celebahq,train
1130,real,celebahq,train
1131,real,celebahq,train
1132,real,celebahq,train
1133,real,celebahq,train
1134,real,celebahq,test
1135,real,celebahq,train
1136,real,celebahq,test
1137,real,celebahq,train
1138,real,celebahq,test
1139,real,celebahq,train
1140,real,celebahq,train
1141,real,celebahq,train
1142,real,celebahq,train
1143,real,celebahq,train
1144,real,celebahq,train
1145,real,celebahq,train
1146,real,celebahq,test
1147,real,celebahq,train
1148,real,celebahq,train
1149,real,celebahq,test
1150,real,celebahq,train
1151,real,celebahq,test
1152,real,celebahq,train
1153,real,celebahq,test
1154,real,celebahq,train
1155,real,celebahq,train
1156,real,celebahq,train
1157,real,celebahq,train
1158,real,celebahq,train
1159,real,celebahq,train
1160,real,celebahq,train
1161,real,celebahq,train
1162,real,celebahq,train
1163,real,celebahq,test
1164,real,celebahq,train
1165,real,celebahq,train
1166,real,celebahq,train
1167,real,celebahq,train
1168,real,celebahq,train
1169,real,celebahq,train
1170,real,celebahq,train
1171,real,celebahq,test
1172,real,celebahq,train
1173,real,celebahq,test
1174,real,celebahq,train
1175,real,celebahq,train
1176,real,celebahq,test
1177,real,celebahq,train
1178,real,celebahq,train
1179,real,celebahq,train
1180,real,celebahq,test
1181,real,celebahq,test
1182,real,celebahq,train
1183,real,celebahq,test
1184,real,celebahq,train
1185,real,celebahq,train
1186,real,celebahq,train
1187,real,celebahq,train
1188,real,celebahq,test
1189,real,celebahq,train
1190,real,celebahq,train
1191,real,celebahq,train
1192,real,celebahq,train
1193,real,celebahq,test
1194,real,celebahq,train
1195,real,celebahq,train
1196,real,celebahq,train
1197,real,celebahq,train
1198,real,celebahq,test
1199,real,celebahq,train
1200,real,celebahq,train
1201,real,celebahq,train
1202,real,celebahq,train
1203,real,celebahq,train
1204,real,celebahq,train
1205,real,celebahq,train
1206,real,celebahq,train
1207,real,celebahq,test
1208,real,celebahq,train
1209,real,celebahq,train
1210,real,celebahq,train
1211,real,celebahq,train
1212,real,celebahq,test
1213,real,celebahq,train
1214,real,celebahq,train
1215,real,celebahq,train
1216,real,celebahq,test
1217,real,celebahq,train
1218,real,celebahq,train
1219,real,celebahq,train
1220,real,celebahq,train
1221,real,celebahq,train
1222,real,celebahq,train
1223,real,celebahq,train
1224,real,celebahq,train
1225,real,celebahq,train
1226,real,celebahq,train
1227,real,celebahq,train
1228,real,celebahq,test
1229,real,celebahq,train
1230,real,celebahq,train
1231,real,celebahq,train
1232,real,celebahq,test
1233,real,celebahq,train
1234,real,celebahq,test
1235,real,celebahq,train
1236,real,celebahq,train
1237,real,celebahq,train
1238,real,celebahq,train
1239,real,celebahq,train
1240,real,celebahq,train
1241,real,celebahq,test
1242,real,celebahq,train
1243,real,celebahq,train
1244,real,celebahq,train
1245,real,celebahq,train
1246,real,celebahq,train
1247,real,celebahq,train
1248,real,celebahq,train
1249,real,celebahq,train
1250,real,celebahq,train
1251,real,celebahq,train
1252,real,celebahq,train
1253,real,celebahq,test
1254,real,celebahq,test
1255,real,celebahq,train
1256,real,celebahq,test
1257,real,celebahq,train
1258,real,celebahq,train
1259,real,celebahq,train
1260,real,celebahq,test
1261,real,celebahq,train
1262,real,celebahq,train
1263,real,celebahq,train
1264,real,celebahq,test
1265,real,celebahq,train
1266,real,celebahq,train
1267,real,celebahq,train
1268,real,celebahq,train
1269,real,celebahq,test
1270,real,celebahq,train
1271,real,celebahq,test
1272,real,celebahq,train
1273,real,celebahq,train
1274,real,celebahq,train
1275,real,celebahq,train
1276,real,celebahq,test
1277,real,celebahq,train
1278,real,celebahq,test
1279,real,celebahq,train
1280,real,celebahq,test
1281,real,celebahq,train
1282,real,celebahq,train
1283,real,celebahq,train
1284,real,celebahq,train
1285,real,celebahq,train
1286,real,celebahq,train
1287,real,celebahq,train
1288,real,celebahq,train
1289,real,celebahq,train
1290,real,celebahq,train
1291,real,celebahq,train
1292,real,celebahq,train
1293,real,celebahq,train
1294,real,celebahq,train
1295,real,celebahq,test
1296,real,celebahq,train
1297,real,celebahq,train
1298,real,celebahq,test
1299,real,celebahq,train
1300,real,celebahq,train
1301,real,celebahq,test
1302,real,celebahq,train
1303,real,celebahq,train
1304,real,celebahq,train
1305,real,celebahq,train
1306,real,celebahq,test
1307,real,celebahq,train
1308,real,celebahq,test
1309,real,celebahq,train
1310,real,celebahq,train
1311,real,celebahq,train
1312,real,celebahq,train
1313,real,celebahq,train
1314,real,celebahq,train
1315,real,celebahq,train
1316,real,celebahq,train
1317,real,celebahq,train
1318,real,celebahq,train
1319,real,celebahq,train
1320,real,celebahq,train
1321,real,celebahq,test
1322,real,celebahq,test
1323,real,celebahq,train
1324,real,celebahq,test
1325,real,celebahq,train
1326,real,celebahq,train
1327,real,celebahq,test
1328,real,celebahq,train
1329,real,celebahq,test
1330,real,celebahq,test
1331,real,celebahq,train
1332,real,celebahq,test
1333,real,celebahq,train
1334,real,celebahq,train
1335,real,celebahq,test
1336,real,celebahq,train
1337,real,celebahq,test
1338,real,celebahq,train
1339,real,celebahq,train
1340,real,celebahq,train
1341,real,celebahq,train
1342,real,celebahq,train
1343,real,celebahq,train
1344,real,celebahq,train
1345,real,celebahq,train
1346,real,celebahq,train
1347,real,celebahq,train
1348,real,celebahq,train
1349,real,celebahq,test
1350,real,celebahq,train
1351,real,celebahq,train
1352,real,celebahq,test
1353,real,celebahq,train
1354,real,celebahq,train
1355,real,celebahq,train
1356,real,celebahq,train
1357,real,celebahq,train
1358,real,celebahq,train
1359,real,celebahq,train
1360,real,celebahq,train
1361,real,celebahq,train
1362,real,celebahq,train
1363,real,celebahq,train
1364,real,celebahq,test
1365,real,celebahq,train
1366,real,celebahq,train
1367,real,celebahq,train
1368,real,celebahq,train
1369,real,celebahq,test
1370,real,celebahq,test
1371,real,celebahq,test
1372,real,celebahq,test
1373,real,celebahq,train
1374,real,celebahq,train
1375,real,celebahq,test
1376,real,celebahq,test
1377,real,celebahq,train
1378,real,celebahq,train
1379,real,celebahq,train
1380,real,celebahq,train
1381,real,celebahq,train
1382,real,celebahq,train
1383,real,celebahq,train
1384,real,celebahq,train
1385,real,celebahq,train
1386,real,celebahq,test
1387,real,celebahq,train
1388,real,celebahq,train
1389,real,celebahq,train
1390,real,celebahq,train
1391,real,celebahq,train
1392,real,celebahq,test
1393,real,celebahq,test
1394,real,celebahq,test
1395,real,celebahq,train
1396,real,celebahq,train
1397,real,celebahq,train
1398,real,celebahq,train
1399,real,celebahq,train
1400,real,celebahq,train
1401,real,celebahq,train
1402,real,celebahq,train
1403,real,celebahq,train
1404,real,celebahq,train
1405,real,celebahq,train
1406,real,celebahq,train
1407,real,celebahq,train
1408,real,celebahq,train
1409,real,celebahq,train
1410,real,celebahq,train
1411,real,celebahq,train
1412,real,celebahq,train
1413,real,celebahq,train
1414,real,celebahq,train
1415,real,celebahq,train
1416,real,celebahq,train
1417,real,celebahq,train
1418,real,celebahq,test
1419,real,celebahq,train
1420,real,celebahq,test
1421,real,celebahq,train
1422,real,celebahq,test
1423,real,celebahq,train
1424,real,celebahq,test
1425,real,celebahq,train
1426,real,celebahq,train
1427,real,celebahq,train
1428,real,celebahq,test
1429,real,celebahq,train
1430,real,celebahq,train
1431,real,celebahq,train
1432,real,celebahq,test
1433,real,celebahq,train
1434,real,celebahq,train
1435,real,celebahq,train
1436,real,celebahq,train
1437,real,celebahq,train
1438,real,celebahq,train
1439,real,celebahq,train
1440,real,celebahq,train
1441,real,celebahq,train
1442,real,celebahq,train
1443,real,celebahq,train
1444,real,celebahq,train
1445,real,celebahq,train
1446,real,celebahq,train
1447,real,celebahq,train
1448,real,celebahq,train
1449,real,celebahq,train
1450,real,celebahq,train
1451,real,celebahq,train
1452,real,celebahq,train
1453,real,celebahq,train
1454,real,celebahq,train
1455,real,celebahq,train
1456,real,celebahq,train
1457,real,celebahq,train
1458,real,celebahq,test
1459,real,celebahq,train
1460,real,celebahq,train
1461,real,celebahq,train
1462,real,celebahq,train
1463,real,celebahq,train
1464,real,celebahq,train
1465,real,celebahq,train
1466,real,celebahq,train
1467,real,celebahq,train
1468,real,celebahq,train
1469,real,celebahq,train
1470,real,celebahq,train
1471,real,celebahq,test
1472,real,celebahq,train
1473,real,celebahq,train
1474,real,celebahq,train
1475,real,celebahq,train
1476,real,celebahq,test
1477,real,celebahq,train
1478,real,celebahq,train
1479,real,celebahq,train
1480,real,celebahq,test
1481,real,celebahq,train
1482,real,celebahq,test
1483,real,celebahq,train
1484,real,celebahq,train
1485,real,celebahq,train
1486,real,celebahq,train
1487,real,celebahq,train
1488,real,celebahq,test
1489,real,celebahq,train
1490,real,celebahq,train
1491,real,celebahq,train
1492,real,celebahq,train
1493,real,celebahq,train
1494,real,celebahq,train
1495,real,celebahq,train
1496,real,celebahq,train
1497,real,celebahq,train
1498,real,celebahq,test
1499,real,celebahq,test
1500,fake,taming_transformer,train
1501,fake,taming_transformer,test
1502,fake,taming_transformer,train
1503,fake,taming_transformer,train
1504,fake,taming_transformer,train
1505,fake,taming_transformer,train
1506,fake,taming_transformer,train
1507,fake,taming_transformer,train
1508,fake,taming_transformer,train
1509,fake,taming_transformer,test
1510,fake,taming_transformer,test
1511,fake,taming_transformer,train
1512,fake,taming_transformer,train
1513,fake,taming_transformer,train
1514,fake,taming_transformer,train
1515,fake,taming_transformer,train
1516,fake,taming_transformer,train
1517,fake,taming_transformer,train
1518,fake,taming_transformer,train
1519,fake,taming_transformer,train
1520,fake,taming_transformer,train
1521,fake,taming_transformer,train
1522,fake,taming_transformer,train
1523,fake,taming_transformer,train
1524,fake,taming_transformer,train
1525,fake,taming_transformer,train
1526,fake,taming_transformer,train
1527,fake,taming_transformer,train
1528,fake,taming_transformer,train
1529,fake,taming_transformer,train
1530,fake,taming_transformer,train
1531,fake,taming_transformer,train
1532,fake,taming_transformer,train
1533,fake,taming_transformer,train
1534,fake,taming_transformer,train
1535,fake,taming_transformer,train
1536,fake,taming_transformer,train
1537,fake,taming_transformer,train
1538,fake,taming_transformer,train
1539,fake,taming_transformer,train
1540,fake,taming_transformer,train
1541,fake,taming_transformer,train
1542,fake,taming_transformer,test
1543,fake,taming_transformer,train
1544,fake,taming_transformer,train
1545,fake,taming_transformer,train
1546,fake,taming_transformer,train
1547,fake,taming_transformer,test
1548,fake,taming_transformer,train
1549,fake,taming_transformer,train
1550,fake,taming_transformer,train
1551,fake,taming_transformer,train
1552,fake,taming_transformer,train
1553,fake,taming_transformer,test
1554,fake,taming_transformer,train
1555,fake,taming_transformer,train
1556,fake,taming_transformer,train
1557,fake,taming_transformer,train
1558,fake,taming_transformer,test
1559,fake,taming_transformer,test
1560,fake,taming_transformer,train
1561,fake,taming_transformer,train
1562,fake,taming_transformer,train
1563,fake,taming_transformer,test
1564,fake,taming_transformer,train
1565,fake,taming_transformer,train
1566,fake,taming_transformer,train
1567,fake,taming_transformer,train
1568,fake,taming_transformer,train
1569,fake,taming_transformer,train
1570,fake,taming_transformer,train
1571,fake,taming_transformer,train
1572,fake,taming_transformer,train
1573,fake,taming_transformer,train
1574,fake,taming_transformer,train
1575,fake,taming_transformer,train
1576,fake,taming_transformer,test
1577,fake,taming_transformer,train
1578,fake,taming_transformer,train
1579,fake,taming_transformer,train
1580,fake,taming_transformer,train
1581,fake,taming_transformer,test
1582,fake,taming_transformer,train
1583,fake,taming_transformer,train
1584,fake,taming_transformer,train
1585,fake,taming_transformer,train
1586,fake,taming_transformer,train
1587,fake,taming_transformer,train
1588,fake,taming_transformer,train
1589,fake,taming_transformer,train
1590,fake,taming_transformer,train
1591,fake,taming_transformer,train
1592,fake,taming_transformer,train
1593,fake,taming_transformer,train
1594,fake,taming_transformer,train
1595,fake,taming_transformer,train
1596,fake,taming_transformer,train
1597,fake,taming_transformer,train
1598,fake,taming_transformer,train
1599,fake,taming_transformer,train
1600,fake,taming_transformer,test
1601,fake,taming_transformer,train
1602,fake,taming_transformer,train
1603,fake,taming_transformer,train
1604,fake,taming_transformer,train
1605,fake,taming_transformer,train
1606,fake,taming_transformer,train
1607,fake,taming_transformer,test
1608,fake,taming_transformer,train
1609,fake,taming_transformer,test
1610,fake,taming_transformer,train
1611,fake,taming_transformer,train
1612,fake,taming_transformer,train
1613,fake,taming_transformer,test
1614,fake,taming_transformer,train
1615,fake,taming_transformer,train
1616,fake,taming_transformer,train
1617,fake,taming_transformer,test
1618,fake,taming_transformer,test
1619,fake,taming_transformer,test
1620,fake,taming_transformer,train
1621,fake,taming_transformer,train
1622,fake,taming_transformer,test
1623,fake,taming_transformer,train
1624,fake,taming_transformer,train
1625,fake,taming_transformer,train
1626,fake,taming_transformer,test
1627,fake,taming_transformer,train
1628,fake,taming_transformer,train
1629,fake,taming_transformer,train
1630,fake,taming_transformer,train
1631,fake,taming_transformer,test
1632,fake,taming_transformer,train
1633,fake,taming_transformer,train
1634,fake,taming_transformer,train
1635,fake,taming_transformer,test
1636,fake,taming_transformer,train
1637,fake,taming_transformer,train
1638,fake,taming_transformer,train
1639,fake,taming_transformer,train
1640,fake,taming_transformer,train
1641,fake,taming_transformer,test
1642,fake,taming_transformer,train
1643,fake,taming_transformer,train
1644,fake,taming_transformer,train
1645,fake,taming_transformer,test
1646,fake,taming_transformer,train
1647,fake,taming_transformer,train
1648,fake,taming_transformer,test
1649,fake,taming_transformer,train
1650,fake,taming_transformer,test
1651,fake,taming_transformer,train
1652,fake,taming_transformer,train
1653,fake,taming_transformer,train
1654,fake,taming_transformer,train
1655,fake,taming_transformer,train
1656,fake,taming_transformer,train
1657,fake,taming_transformer,train
1658,fake,taming_transformer,test
1659,fake,taming_transformer,test
1660,fake,taming_transformer,train
1661,fake,taming_transformer,train
1662,fake,taming_transformer,train
1663,fake,taming_transformer,train
1664,fake,taming_transformer,train
1665,fake,taming_transformer,test
1666,fake,taming_transformer,train
1667,fake,taming_transformer,train
1668,fake,taming_transformer,train
1669,fake,taming_transformer,train
1670,fake,taming_transformer,train
1671,fake,taming_transformer,train
1672,fake,taming_transformer,train
1673,fake,taming_transformer,test
1674,fake,taming_transformer,test
1675,fake,taming_transformer,train
1676,fake,taming_transformer,train
1677,fake,taming_transformer,train
1678,fake,taming_transformer,test
1679,fake,taming_transformer,train
1680,fake,taming_transformer,train
1681,fake,taming_transformer,train
1682,fake,taming_transformer,train
1683,fake,taming_transformer,train
1684,fake,taming_transformer,train
1685,fake,taming_transformer,train
1686,fake,taming_transformer,test
1687,fake,taming_transformer,train
1688,fake,taming_transformer,train
1689,fake,taming_transformer,test
1690,fake,taming_transformer,train
1691,fake,taming_transformer,train
1692,fake,taming_transformer,test
1693,fake,taming_transformer,train
1694,fake,taming_transformer,test
1695,fake,taming_transformer,test
1696,fake,taming_transformer,train
1697,fake,taming_transformer,train
1698,fake,taming_transformer,train
1699,fake,taming_transformer,train
1700,fake,taming_transformer,train
1701,fake,taming_transformer,train
1702,fake,taming_transformer,train
1703,fake,taming_transformer,train
1704,fake,taming_transformer,test
1705,fake,taming_transformer,test
1706,fake,taming_transformer,train
1707,fake,taming_transformer,train
1708,fake,taming_transformer,train
1709,fake,taming_transformer,train
1710,fake,taming_transformer,train
1711,fake,taming_transformer,train
1712,fake,taming_transformer,train
1713,fake,taming_transformer,train
1714,fake,taming_transformer,train
1715,fake,taming_transformer,train
1716,fake,taming_transformer,train
1717,fake,taming_transformer,train
1718,fake,taming_transformer,train
1719,fake,taming_transformer,train
1720,fake,taming_transformer,train
1721,fake,taming_transformer,train
1722,fake,taming_transformer,train
1723,fake,taming_transformer,test
1724,fake,taming_transformer,test
1725,fake,taming_transformer,test
1726,fake,taming_transformer,train
1727,fake,taming_transformer,train
1728,fake,taming_transformer,test
1729,fake,taming_transformer,train
1730,fake,taming_transformer,train
1731,fake,taming_transformer,train
1732,fake,taming_transformer,test
1733,fake,taming_transformer,train
1734,fake,taming_transformer,train
1735,fake,taming_transformer,train
1736,fake,taming_transformer,train
1737,fake,taming_transformer,train
1738,fake,taming_transformer,test
1739,fake,taming_transformer,test
1740,fake,taming_transformer,train
1741,fake,taming_transformer,train
1742,fake,taming_transformer,train
1743,fake,taming_transformer,train
1744,fake,taming_transformer,train
1745,fake,taming_transformer,test
1746,fake,taming_transformer,train
1747,fake,taming_transformer,train
1748,fake,taming_transformer,train
1749,fake,taming_transformer,train
1750,fake,taming_transformer,train
1751,fake,taming_transformer,train
1752,fake,taming_transformer,train
1753,fake,taming_transformer,train
1754,fake,taming_transformer,train
1755,fake,taming_transformer,test
1756,fake,taming_transformer,train
1757,fake,taming_transformer,train
1758,fake,taming_transformer,test
1759,fake,taming_transformer,train
1760,fake,taming_transformer,train
1761,fake,taming_transformer,train
1762,fake,taming_transformer,train
1763,fake,taming_transformer,train
1764,fake,taming_transformer,train
1765,fake,taming_transformer,train
1766,fake,taming_transformer,train
1767,fake,taming_transformer,test
1768,fake,taming_transformer,train
1769,fake,taming_transformer,test
1770,fake,taming_transformer,train
1771,fake,taming_transformer,train
1772,fake,taming_transformer,train
1773,fake,taming_transformer,test
1774,fake,taming_transformer,train
1775,fake,taming_transformer,train
1776,fake,taming_transformer,test
1777,fake,taming_transformer,test
1778,fake,taming_transformer,train
1779,fake,taming_transformer,train
1780,fake,taming_transformer,test
1781,fake,taming_transformer,train
1782,fake,taming_transformer,train
1783,fake,taming_transformer,train
1784,fake,taming_transformer,train
1785,fake,taming_transformer,test
1786,fake,taming_transformer,train
1787,fake,taming_transformer,train
1788,fake,taming_transformer,train
1789,fake,taming_transformer,train
1790,fake,taming_transformer,test
1791,fake,taming_transformer,train
1792,fake,taming_transformer,train
1793,fake,taming_transformer,train
1794,fake,taming_transformer,train
1795,fake,taming_transformer,test
1796,fake,taming_transformer,test
1797,fake,taming_transformer,test
1798,fake,taming_transformer,train
1799,fake,taming_transformer,train
1800,fake,sfhq,train
1801,fake,sfhq,train
1802,fake,sfhq,train
1803,fake,sfhq,train
1804,fake,sfhq,train
1805,fake,sfhq,train
1806,fake,sfhq,train
1807,fake,sfhq,train
1808,fake,sfhq,train
1809,fake,sfhq,train
1810,fake,sfhq,test
1811,fake,sfhq,train
1812,fake,sfhq,train
1813,fake,sfhq,test
1814,fake,sfhq,train
1815,fake,sfhq,test
1816,fake,sfhq,train
1817,fake,sfhq,train
1818,fake,sfhq,train
1819,fake,sfhq,train
1820,fake,sfhq,test
1821,fake,sfhq,train
1822,fake,sfhq,test
1823,fake,sfhq,test
1824,fake,sfhq,test
1825,fake,sfhq,train
1826,fake,sfhq,train
1827,fake,sfhq,train
1828,fake,sfhq,train
1829,fake,sfhq,train
1830,fake,sfhq,train
1831,fake,sfhq,train
1832,fake,sfhq,train
1833,fake,sfhq,train
1834,fake,sfhq,test
1835,fake,sfhq,train
1836,fake,sfhq,train
1837,fake,sfhq,train
1838,fake,sfhq,train
1839,fake,sfhq,train
1840,fake,sfhq,train
1841,fake,sfhq,train
1842,fake,sfhq,train
1843,fake,sfhq,test
1844,fake,sfhq,train
1845,fake,sfhq,train
1846,fake,sfhq,train
1847,fake,sfhq,train
1848,fake,sfhq,train
1849,fake,sfhq,train
1850,fake,sfhq,train
1851,fake,sfhq,train
1852,fake,sfhq,train
1853,fake,sfhq,train
1854,fake,sfhq,train
1855,fake,sfhq,train
1856,fake,sfhq,train
1857,fake,sfhq,test
1858,fake,sfhq,train
1859,fake,sfhq,train
1860,fake,sfhq,train
1861,fake,sfhq,train
1862,fake,sfhq,test
1863,fake,sfhq,train
1864,fake,sfhq,train
1865,fake,sfhq,train
1866,fake,sfhq,test
1867,fake,sfhq,test
1868,fake,sfhq,train
1869,fake,sfhq,test
1870,fake,sfhq,train
1871,fake,sfhq,test
1872,fake,sfhq,train
1873,fake,sfhq,train
1874,fake,sfhq,train
1875,fake,sfhq,train
1876,fake,sfhq,test
1877,fake,sfhq,train
1878,fake,sfhq,train
1879,fake,sfhq,train
1880,fake,sfhq,train
1881,fake,sfhq,train
1882,fake,sfhq,test
1883,fake,sfhq,train
1884,fake,sfhq,test
1885,fake,sfhq,train
1886,fake,sfhq,train
1887,fake,sfhq,test
1888,fake,sfhq,train
1889,fake,sfhq,train
1890,fake,sfhq,train
1891,fake,sfhq,train
1892,fake,sfhq,train
1893,fake,sfhq,train
1894,fake,sfhq,test
1895,fake,sfhq,train
1896,fake,sfhq,train
1897,fake,sfhq,train
1898,fake,sfhq,test
1899,fake,sfhq,train
1900,fake,sfhq,train
1901,fake,sfhq,train
1902,fake,sfhq,train
1903,fake,sfhq,test
1904,fake,sfhq,train
1905,fake,sfhq,train
1906,fake,sfhq,train
1907,fake,sfhq,train
1908,fake,sfhq,train
1909,fake,sfhq,test
1910,fake,sfhq,train
1911,fake,sfhq,train
1912,fake,sfhq,train
1913,fake,sfhq,train
1914,fake,sfhq,train
1915,fake,sfhq,test
1916,fake,sfhq,train
1917,fake,sfhq,train
1918,fake,sfhq,train
1919,fake,sfhq,train
1920,fake,sfhq,train
1921,fake,sfhq,train
1922,fake,sfhq,train
1923,fake,sfhq,train
1924,fake,sfhq,train
1925,fake,sfhq,train
1926,fake,sfhq,train
1927,fake,sfhq,train
1928,fake,sfhq,train
1929,fake,sfhq,train
1930,fake,sfhq,test
1931,fake,sfhq,train
1932,fake,sfhq,train
1933,fake,sfhq,train
1934,fake,sfhq,test
1935,fake,sfhq,train
1936,fake,sfhq,test
1937,fake,sfhq,train
1938,fake,sfhq,train
1939,fake,sfhq,train
1940,fake,sfhq,train
1941,fake,sfhq,test
1942,fake,sfhq,train
1943,fake,sfhq,train
1944,fake,sfhq,train
1945,fake,sfhq,test
1946,fake,sfhq,train
1947,fake,sfhq,train
1948,fake,sfhq,test
1949,fake,sfhq,train
1950,fake,sfhq,train
1951,fake,sfhq,train
1952,fake,sfhq,train
1953,fake,sfhq,train
1954,fake,sfhq,train
1955,fake,sfhq,train
1956,fake,sfhq,test
1957,fake,sfhq,test
1958,fake,sfhq,train
1959,fake,sfhq,train
1960,fake,sfhq,train
1961,fake,sfhq,train
1962,fake,sfhq,test
1963,fake,sfhq,train
1964,fake,sfhq,test
1965,fake,sfhq,train
1966,fake,sfhq,train
1967,fake,sfhq,train
1968,fake,sfhq,train
1969,fake,sfhq,test
1970,fake,sfhq,test
1971,fake,sfhq,train
1972,fake,sfhq,train
1973,fake,sfhq,train
1974,fake,sfhq,train
1975,fake,sfhq,train
1976,fake,sfhq,test
1977,fake,sfhq,train
1978,fake,sfhq,train
1979,fake,sfhq,train
1980,fake,sfhq,train
1981,fake,sfhq,train
1982,fake,sfhq,train
1983,fake,sfhq,train
1984,fake,sfhq,train
1985,fake,sfhq,train
1986,fake,sfhq,train
1987,fake,sfhq,train
1988,fake,sfhq,train
1989,fake,sfhq,train
1990,fake,sfhq,train
1991,fake,sfhq,train
1992,fake,sfhq,train
1993,fake,sfhq,test
1994,fake,sfhq,train
1995,fake,sfhq,test
1996,fake,sfhq,train
1997,fake,sfhq,train
1998,fake,sfhq,train
1999,fake,sfhq,train
2000,fake,sfhq,train
2001,fake,sfhq,train
2002,fake,sfhq,train
2003,fake,sfhq,train
2004,fake,sfhq,train
2005,fake,sfhq,train
2006,fake,sfhq,train
2007,fake,sfhq,train
2008,fake,sfhq,train
2009,fake,sfhq,train
2010,fake,sfhq,train
2011,fake,sfhq,train
2012,fake,sfhq,train
2013,fake,sfhq,train
2014,fake,sfhq,train
2015,fake,sfhq,train
2016,fake,sfhq,train
2017,fake,sfhq,train
2018,fake,sfhq,train
2019,fake,sfhq,train
2020,fake,sfhq,train
2021,fake,sfhq,test
2022,fake,sfhq,train
2023,fake,sfhq,train
2024,fake,sfhq,train
2025,fake,sfhq,test
2026,fake,sfhq,test
2027,fake,sfhq,train
2028,fake,sfhq,train
2029,fake,sfhq,train
2030,fake,sfhq,train
2031,fake,sfhq,train
2032,fake,sfhq,train
2033,fake,sfhq,test
2034,fake,sfhq,test
2035,fake,sfhq,train
2036,fake,sfhq,test
2037,fake,sfhq,train
2038,fake,sfhq,train
2039,fake,sfhq,train
2040,fake,sfhq,train
2041,fake,sfhq,train
2042,fake,sfhq,test
2043,fake,sfhq,train
2044,fake,sfhq,train
2045,fake,sfhq,test
2046,fake,sfhq,train
2047,fake,sfhq,train
2048,fake,sfhq,train
2049,fake,sfhq,train
2050,fake,sfhq,train
2051,fake,sfhq,test
2052,fake,sfhq,test
2053,fake,sfhq,train
2054,fake,sfhq,train
2055,fake,sfhq,test
2056,fake,sfhq,train
2057,fake,sfhq,train
2058,fake,sfhq,train
2059,fake,sfhq,test
2060,fake,sfhq,train
2061,fake,sfhq,test
2062,fake,sfhq,train
2063,fake,sfhq,train
2064,fake,sfhq,train
2065,fake,sfhq,train
2066,fake,sfhq,test
2067,fake,sfhq,test
2068,fake,sfhq,train
2069,fake,sfhq,train
2070,fake,sfhq,train
2071,fake,sfhq,test
2072,fake,sfhq,test
2073,fake,sfhq,train
2074,fake,sfhq,train
2075,fake,sfhq,train
2076,fake,sfhq,train
2077,fake,sfhq,train
2078,fake,sfhq,train
2079,fake,sfhq,train
2080,fake,sfhq,train
2081,fake,sfhq,test
2082,fake,sfhq,train
2083,fake,sfhq,test
2084,fake,sfhq,test
2085,fake,sfhq,train
2086,fake,sfhq,train
2087,fake,sfhq,train
2088,fake,sfhq,train
2089,fake,sfhq,train
2090,fake,sfhq,train
2091,fake,sfhq,train
2092,fake,sfhq,train
2093,fake,sfhq,train
2094,fake,sfhq,test
2095,fake,sfhq,train
2096,fake,sfhq,train
2097,fake,sfhq,train
2098,fake,sfhq,train
2099,fake,sfhq,train
2100,fake,gansformer,train
2101,fake,gansformer,train
2102,fake,gansformer,test
2103,fake,gansformer,train
2104,fake,gansformer,train
2105,fake,gansformer,train
2106,fake,gansformer,train
2107,fake,gansformer,test
2108,fake,gansformer,train
2109,fake,gansformer,train
2110,fake,gansformer,train
2111,fake,gansformer,train
2112,fake,gansformer,train
2113,fake,gansformer,train
2114,fake,gansformer,train
2115,fake,gansformer,test
2116,fake,gansformer,train
2117,fake,gansformer,train
2118,fake,gansformer,train
2119,fake,gansformer,train
2120,fake,gansformer,train
2121,fake,gansformer,train
2122,fake,gansformer,train
2123,fake,gansformer,train
2124,fake,gansformer,train
2125,fake,gansformer,train
2126,fake,gansformer,test
2127,fake,gansformer,test
2128,fake,gansformer,train
2129,fake,gansformer,train
2130,fake,gansformer,test
2131,fake,gansformer,train
2132,fake,gansformer,train
2133,fake,gansformer,train
2134,fake,gansformer,train
2135,fake,gansformer,test
2136,fake,gansformer,train
2137,fake,gansformer,train
2138,fake,gansformer,train
2139,fake,gansformer,train
2140,fake,gansformer,train
2141,fake,gansformer,train
2142,fake,gansformer,train
2143,fake,gansformer,test
2144,fake,gansformer,test
2145,fake,gansformer,train
2146,fake,gansformer,train
2147,fake,gansformer,train
2148,fake,gansformer,train
2149,fake,gansformer,train
2150,fake,gansformer,train
2151,fake,gansformer,train
2152,fake,gansformer,train
2153,fake,gansformer,train
2154,fake,gansformer,train
2155,fake,gansformer,train
2156,fake,gansformer,train
2157,fake,gansformer,train
2158,fake,gansformer,train
2159,fake,gansformer,test
2160,fake,gansformer,train
2161,fake,gansformer,train
2162,fake,gansformer,train
2163,fake,gansformer,train
2164,fake,gansformer,train
2165,fake,gansformer,train
2166,fake,gansformer,test
2167,fake,gansformer,train
2168,fake,gansformer,train
2169,fake,gansformer,train
2170,fake,gansformer,train
2171,fake,gansformer,train
2172,fake,gansformer,train
2173,fake,gansformer,train
2174,fake,gansformer,train
2175,fake,gansformer,train
2176,fake,gansformer,train
2177,fake,gansformer,train
2178,fake,gansformer,train
2179,fake,gansformer,train
2180,fake,gansformer,train
2181,fake,gansformer,train
2182,fake,gansformer,train
2183,fake,gansformer,test
2184,fake,gansformer,train
2185,fake,gansformer,test
2186,fake,gansformer,test
2187,fake,gansformer,train
2188,fake,gansformer,train
2189,fake,gansformer,train
2190,fake,gansformer,test
2191,fake,gansformer,train
2192,fake,gansformer,train
2193,fake,gansformer,train
2194,fake,gansformer,train
2195,fake,gansformer,train
2196,fake,gansformer,test
2197,fake,gansformer,train
2198,fake,gansformer,train
2199,fake,gansformer,train
2200,fake,gansformer,train
2201,fake,gansformer,train
2202,fake,gansformer,train
2203,fake,gansformer,train
2204,fake,gansformer,test
2205,fake,gansformer,train
2206,fake,gansformer,train
2207,fake,gansformer,train
2208,fake,gansformer,train
2209,fake,gansformer,train
2210,fake,gansformer,train
2211,fake,gansformer,test
2212,fake,gansformer,train
2213,fake,gansformer,train
2214,fake,gansformer,train
2215,fake,gansformer,train
2216,fake,gansformer,train
2217,fake,gansformer,train
2218,fake,gansformer,train
2219,fake,gansformer,train
2220,fake,gansformer,train
2221,fake,gansformer,test
2222,fake,gansformer,train
2223,fake,gansformer,train
2224,fake,gansformer,train
2225,fake,gansformer,train
2226,fake,gansformer,train
2227,fake,gansformer,train
2228,fake,gansformer,test
2229,fake,gansformer,train
2230,fake,gansformer,train
2231,fake,gansformer,train
2232,fake,gansformer,train
2233,fake,gansformer,train
2234,fake,gansformer,test
2235,fake,gansformer,train
2236,fake,gansformer,train
2237,fake,gansformer,train
2238,fake,gansformer,test
2239,fake,gansformer,test
2240,fake,gansformer,train
2241,fake,gansformer,train
2242,fake,gansformer,train
2243,fake,gansformer,train
2244,fake,gansformer,train
2245,fake,gansformer,train
2246,fake,gansformer,train
2247,fake,gansformer,train
2248,fake,gansformer,train
2249,fake,gansformer,train
2250,fake,gansformer,test
2251,fake,gansformer,train
2252,fake,gansformer,train
2253,fake,gansformer,train
2254,fake,gansformer,train
2255,fake,gansformer,test
2256,fake,gansformer,test
2257,fake,gansformer,train
2258,fake,gansformer,train
2259,fake,gansformer,train
2260,fake,gansformer,train
2261,fake,gansformer,test
2262,fake,gansformer,test
2263,fake,gansformer,train
2264,fake,gansformer,train
2265,fake,gansformer,test
2266,fake,gansformer,train
2267,fake,gansformer,train
2268,fake,gansformer,test
2269,fake,gansformer,train
2270,fake,gansformer,test
2271,fake,gansformer,train
2272,fake,gansformer,train
2273,fake,gansformer,train
2274,fake,gansformer,train
2275,fake,gansformer,train
2276,fake,gansformer,test
2277,fake,gansformer,train
2278,fake,gansformer,train
2279,fake,gansformer,train
2280,fake,gansformer,train
2281,fake,gansformer,train
2282,fake,gansformer,test
2283,fake,gansformer,test
2284,fake,gansformer,train
2285,fake,gansformer,train
2286,fake,gansformer,train
2287,fake,gansformer,test
2288,fake,gansformer,train
2289,fake,gansformer,train
2290,fake,gansformer,train
2291,fake,gansformer,test
2292,fake,gansformer,train
2293,fake,gansformer,train
2294,fake,gansformer,train
2295,fake,gansformer,test
2296,fake,gansformer,train
2297,fake,gansformer,train
2298,fake,gansformer,train
2299,fake,gansformer,train
2300,fake,gansformer,test
2301,fake,gansformer,train
2302,fake,gansformer,train
2303,fake,gansformer,train
2304,fake,gansformer,test
2305,fake,gansformer,test
2306,fake,gansformer,train
2307,fake,gansformer,train
2308,fake,gansformer,train
2309,fake,gansformer,train
2310,fake,gansformer,train
2311,fake,gansformer,train
2312,fake,gansformer,train
2313,fake,gansformer,train
2314,fake,gansformer,train
2315,fake,gansformer,train
2316,fake,gansformer,test
2317,fake,gansformer,test
2318,fake,gansformer,train
2319,fake,gansformer,train
2320,fake,gansformer,train
2321,fake,gansformer,test
2322,fake,gansformer,train
2323,fake,gansformer,test
2324,fake,gansformer,train
2325,fake,gansformer,test
2326,fake,gansformer,test
2327,fake,gansformer,train
2328,fake,gansformer,train
2329,fake,gansformer,train
2330,fake,gansformer,train
2331,fake,gansformer,train
2332,fake,gansformer,train
2333,fake,gansformer,train
2334,fake,gansformer,train
2335,fake,gansformer,train
2336,fake,gansformer,train
2337,fake,gansformer,train
2338,fake,gansformer,train
2339,fake,gansformer,train
2340,fake,gansformer,train
2341,fake,gansformer,test
2342,fake,gansformer,train
2343,fake,gansformer,train
2344,fake,gansformer,train
2345,fake,gansformer,train
2346,fake,gansformer,train
2347,fake,gansformer,train
2348,fake,gansformer,train
2349,fake,gansformer,train
2350,fake,gansformer,train
2351,fake,gansformer,train
2352,fake,gansformer,train
2353,fake,gansformer,train
2354,fake,gansformer,train
2355,fake,gansformer,train
2356,fake,gansformer,test
2357,fake,gansformer,train
2358,fake,gansformer,train
2359,fake,gansformer,train
2360,fake,gansformer,train
2361,fake,gansformer,train
2362,fake,gansformer,test
2363,fake,gansformer,train
2364,fake,gansformer,test
2365,fake,gansformer,train
2366,fake,gansformer,test
2367,fake,gansformer,train
2368,fake,gansformer,test
2369,fake,gansformer,train
2370,fake,gansformer,train
2371,fake,gansformer,train
2372,fake,gansformer,test
2373,fake,gansformer,test
2374,fake,gansformer,train
2375,fake,gansformer,train
2376,fake,gansformer,test
2377,fake,gansformer,test
2378,fake,gansformer,train
2379,fake,gansformer,test
2380,fake,gansformer,train
2381,fake,gansformer,train
2382,fake,gansformer,train
2383,fake,gansformer,train
2384,fake,gansformer,test
2385,fake,gansformer,train
2386,fake,gansformer,test
2387,fake,gansformer,train
2388,fake,gansformer,train
2389,fake,gansformer,train
2390,fake,gansformer,train
2391,fake,gansformer,train
2392,fake,gansformer,test
2393,fake,gansformer,train
2394,fake,gansformer,train
2395,fake,gansformer,train
2396,fake,gansformer,train
2397,fake,gansformer,train
2398,fake,gansformer,train
2399,fake,gansformer,train
2400,fake,stylegan2,train
2401,fake,stylegan2,test
2402,fake,stylegan2,train
2403,fake,stylegan2,train
2404,fake,stylegan2,train
2405,fake,stylegan2,test
2406,fake,stylegan2,train
2407,fake,stylegan2,train
2408,fake,stylegan2,train
2409,fake,stylegan2,train
2410,fake,stylegan2,train
2411,fake,stylegan2,train
2412,fake,stylegan2,test
2413,fake,stylegan2,train
2414,fake,stylegan2,train
2415,fake,stylegan2,train
2416,fake,stylegan2,train
2417,fake,stylegan2,train
2418,fake,stylegan2,train
2419,fake,stylegan2,train
2420,fake,stylegan2,train
2421,fake,stylegan2,train
2422,fake,stylegan2,test
2423,fake,stylegan2,train
2424,fake,stylegan2,test
2425,fake,stylegan2,train
2426,fake,stylegan2,test
2427,fake,stylegan2,train
2428,fake,stylegan2,train
2429,fake,stylegan2,train
2430,fake,stylegan2,train
2431,fake,stylegan2,train
2432,fake,stylegan2,train
2433,fake,stylegan2,train
2434,fake,stylegan2,train
2435,fake,stylegan2,train
2436,fake,stylegan2,test
2437,fake,stylegan2,train
2438,fake,stylegan2,train
2439,fake,stylegan2,train
2440,fake,stylegan2,test
2441,fake,stylegan2,train
2442,fake,stylegan2,train
2443,fake,stylegan2,train
2444,fake,stylegan2,train
2445,fake,stylegan2,train
2446,fake,stylegan2,train
2447,fake,stylegan2,train
2448,fake,stylegan2,test
2449,fake,stylegan2,train
2450,fake,stylegan2,train
2451,fake,stylegan2,train
2452,fake,stylegan2,train
2453,fake,stylegan2,train
2454,fake,stylegan2,train
2455,fake,stylegan2,train
2456,fake,stylegan2,train
2457,fake,stylegan2,train
2458,fake,stylegan2,train
2459,fake,stylegan2,train
2460,fake,stylegan2,test
2461,fake,stylegan2,train
2462,fake,stylegan2,train
2463,fake,stylegan2,train
2464,fake,stylegan2,train
2465,fake,stylegan2,train
2466,fake,stylegan2,train
2467,fake,stylegan2,train
2468,fake,stylegan2,train
2469,fake,stylegan2,train
2470,fake,stylegan2,test
2471,fake,stylegan2,test
2472,fake,stylegan2,train
2473,fake,stylegan2,train
2474,fake,stylegan2,test
2475,fake,stylegan2,train
2476,fake,stylegan2,train
2477,fake,stylegan2,test
2478,fake,stylegan2,train
2479,fake,stylegan2,train
2480,fake,stylegan2,test
2481,fake,stylegan2,train
2482,fake,stylegan2,train
2483,fake,stylegan2,train
2484,fake,stylegan2,train
2485,fake,stylegan2,train
2486,fake,stylegan2,train
2487,fake,stylegan2,test
2488,fake,stylegan2,train
2489,fake,stylegan2,train
2490,fake,stylegan2,train
2491,fake,stylegan2,train
2492,fake,stylegan2,test
2493,fake,stylegan2,test
2494,fake,stylegan2,train
2495,fake,stylegan2,train
2496,fake,stylegan2,train
2497,fake,stylegan2,test
2498,fake,stylegan2,test
2499,fake,stylegan2,train
2500,fake,stylegan2,train
2501,fake,stylegan2,train
2502,fake,stylegan2,train
2503,fake,stylegan2,train
2504,fake,stylegan2,train
2505,fake,stylegan2,train
2506,fake,stylegan2,test
2507,fake,stylegan2,train
2508,fake,stylegan2,train
2509,fake,stylegan2,test
2510,fake,stylegan2,train
2511,fake,stylegan2,train
2512,fake,stylegan2,train
2513,fake,stylegan2,train
2514,fake,stylegan2,test
2515,fake,stylegan2,test
2516,fake,stylegan2,train
2517,fake,stylegan2,train
2518,fake,stylegan2,test
2519,fake,stylegan2,train
2520,fake,stylegan2,train
2521,fake,stylegan2,train
2522,fake,stylegan2,train
2523,fake,stylegan2,test
2524,fake,stylegan2,train
2525,fake,stylegan2,test
2526,fake,stylegan2,train
2527,fake,stylegan2,test
2528,fake,stylegan2,train
2529,fake,stylegan2,train
2530,fake,stylegan2,train
2531,fake,stylegan2,train
2532,fake,stylegan2,train
2533,fake,stylegan2,train
2534,fake,stylegan2,train
2535,fake,stylegan2,train
2536,fake,stylegan2,train
2537,fake,stylegan2,train
2538,fake,stylegan2,train
2539,fake,stylegan2,train
2540,fake,stylegan2,train
2541,fake,stylegan2,train
2542,fake,stylegan2,test
2543,fake,stylegan2,train
2544,fake,stylegan2,test
2545,fake,stylegan2,train
2546,fake,stylegan2,train
2547,fake,stylegan2,train
2548,fake,stylegan2,train
2549,fake,stylegan2,train
2550,fake,stylegan2,train
2551,fake,stylegan2,train
2552,fake,stylegan2,train
2553,fake,stylegan2,train
2554,fake,stylegan2,test
2555,fake,stylegan2,train
2556,fake,stylegan2,test
2557,fake,stylegan2,train
2558,fake,stylegan2,train
2559,fake,stylegan2,train
2560,fake,stylegan2,train
2561,fake,stylegan2,train
2562,fake,stylegan2,test
2563,fake,stylegan2,train
2564,fake,stylegan2,train
2565,fake,stylegan2,train
2566,fake,stylegan2,train
2567,fake,stylegan2,train
2568,fake,stylegan2,train
2569,fake,stylegan2,train
2570,fake,stylegan2,train
2571,fake,stylegan2,test
2572,fake,stylegan2,train
2573,fake,stylegan2,train
2574,fake,stylegan2,train
2575,fake,stylegan2,test
2576,fake,stylegan2,train
2577,fake,stylegan2,test
2578,fake,stylegan2,train
2579,fake,stylegan2,train
2580,fake,stylegan2,test
2581,fake,stylegan2,train
2582,fake,stylegan2,train
2583,fake,stylegan2,train
2584,fake,stylegan2,train
2585,fake,stylegan2,train
2586,fake,stylegan2,train
2587,fake,stylegan2,train
2588,fake,stylegan2,test
2589,fake,stylegan2,test
2590,fake,stylegan2,test
2591,fake,stylegan2,train
2592,fake,stylegan2,test
2593,fake,stylegan2,train
2594,fake,stylegan2,train
2595,fake,stylegan2,train
2596,fake,stylegan2,test
2597,fake,stylegan2,train
2598,fake,stylegan2,train
2599,fake,stylegan2,test
2600,fake,stylegan2,train
2601,fake,stylegan2,test
2602,fake,stylegan2,test
2603,fake,stylegan2,test
2604,fake,stylegan2,train
2605,fake,stylegan2,train
2606,fake,stylegan2,train
2607,fake,stylegan2,train
2608,fake,stylegan2,train
2609,fake,stylegan2,train
2610,fake,stylegan2,train
2611,fake,stylegan2,train
2612,fake,stylegan2,train
2613,fake,stylegan2,train
2614,fake,stylegan2,test
2615,fake,stylegan2,train
2616,fake,stylegan2,train
2617,fake,stylegan2,train
2618,fake,stylegan2,test
2619,fake,stylegan2,train
2620,fake,stylegan2,train
2621,fake,stylegan2,train
2622,fake,stylegan2,train
2623,fake,stylegan2,train
2624,fake,stylegan2,test
2625,fake,stylegan2,train
2626,fake,stylegan2,train
2627,fake,stylegan2,train
2628,fake,stylegan2,train
2629,fake,stylegan2,train
2630,fake,stylegan2,test
2631,fake,stylegan2,test
2632,fake,stylegan2,train
2633,fake,stylegan2,train
2634,fake,stylegan2,train
2635,fake,stylegan2,train
2636,fake,stylegan2,train
2637,fake,stylegan2,train
2638,fake,stylegan2,train
2639,fake,stylegan2,train
2640,fake,stylegan2,train
2641,fake,stylegan2,train
2642,fake,stylegan2,train
2643,fake,stylegan2,train
2644,fake,stylegan2,test
2645,fake,stylegan2,train
2646,fake,stylegan2,train
2647,fake,stylegan2,train
2648,fake,stylegan2,train
2649,fake,stylegan2,train
2650,fake,stylegan2,train
2651,fake,stylegan2,test
2652,fake,stylegan2,train
2653,fake,stylegan2,train
2654,fake,stylegan2,train
2655,fake,stylegan2,train
2656,fake,stylegan2,train
2657,fake,stylegan2,train
2658,fake,stylegan2,test
2659,fake,stylegan2,train
2660,fake,stylegan2,train
2661,fake,stylegan2,test
2662,fake,stylegan2,train
2663,fake,stylegan2,train
2664,fake,stylegan2,train
2665,fake,stylegan2,train
2666,fake,stylegan2,train
2667,fake,stylegan2,train
2668,fake,stylegan2,train
2669,fake,stylegan2,train
2670,fake,stylegan2,test
2671,fake,stylegan2,train
2672,fake,stylegan2,train
2673,fake,stylegan2,test
2674,fake,stylegan2,train
2675,fake,stylegan2,train
2676,fake,stylegan2,train
2677,fake,stylegan2,train
2678,fake,stylegan2,train
2679,fake,stylegan2,train
2680,fake,stylegan2,train
2681,fake,stylegan2,train
2682,fake,stylegan2,train
2683,fake,stylegan2,train
2684,fake,stylegan2,train
2685,fake,stylegan2,train
2686,fake,stylegan2,train
2687,fake,stylegan2,test
2688,fake,stylegan2,train
2689,fake,stylegan2,train
2690,fake,stylegan2,train
2691,fake,stylegan2,test
2692,fake,stylegan2,train
2693,fake,stylegan2,train
2694,fake,stylegan2,train
2695,fake,stylegan2,train
2696,fake,stylegan2,train
2697,fake,stylegan2,test
2698,fake,stylegan2,train
2699,fake,stylegan2,train
2700,fake,projected_gan,train
2701,fake,projected_gan,train
2702,fake,projected_gan,train
2703,fake,projected_gan,train
2704,fake,projected_gan,train
2705,fake,projected_gan,train
2706,fake,projected_gan,train
2707,fake,projected_gan,train
2708,fake,projected_gan,train
2709,fake,projected_gan,train
2710,fake,projected_gan,train
2711,fake,projected_gan,train
2712,fake,projected_gan,train
2713,fake,projected_gan,train
2714,fake,projected_gan,train
2715,fake,projected_gan,train
2716,fake,projected_gan,train
2717,fake,projected_gan,test
2718,fake,projected_gan,train
2719,fake,projected_gan,train
2720,fake,projected_gan,test
2721,fake,projected_gan,train
2722,fake,projected_gan,test
2723,fake,projected_gan,train
2724,fake,projected_gan,train
2725,fake,projected_gan,train
2726,fake,projected_gan,test
2727,fake,projected_gan,train
2728,fake,projected_gan,train
2729,fake,projected_gan,test
2730,fake,projected_gan,train
2731,fake,projected_gan,train
2732,fake,projected_gan,train
2733,fake,projected_gan,test
2734,fake,projected_gan,train
2735,fake,projected_gan,train
2736,fake,projected_gan,train
2737,fake,projected_gan,test
2738,fake,projected_gan,train
2739,fake,projected_gan,train
2740,fake,projected_gan,test
2741,fake,projected_gan,test
2742,fake,projected_gan,train
2743,fake,projected_gan,train
2744,fake,projected_gan,train
2745,fake,projected_gan,train
2746,fake,projected_gan,train
2747,fake,projected_gan,test
2748,fake,projected_gan,train
2749,fake,projected_gan,train
2750,fake,projected_gan,train
2751,fake,projected_gan,train
2752,fake,projected_gan,train
2753,fake,projected_gan,test
2754,fake,projected_gan,train
2755,fake,projected_gan,train
2756,fake,projected_gan,train
2757,fake,projected_gan,train
2758,fake,projected_gan,train
2759,fake,projected_gan,train
2760,fake,projected_gan,train
2761,fake,projected_gan,train
2762,fake,projected_gan,train
2763,fake,projected_gan,train
2764,fake,projected_gan,train
2765,fake,projected_gan,train
2766,fake,projected_gan,train
2767,fake,projected_gan,test
2768,fake,projected_gan,train
2769,fake,projected_gan,train
2770,fake,projected_gan,test
2771,fake,projected_gan,test
2772,fake,projected_gan,train
2773,fake,projected_gan,train
2774,fake,projected_gan,train
2775,fake,projected_gan,train
2776,fake,projected_gan,train
2777,fake,projected_gan,train
2778,fake,projected_gan,train
2779,fake,projected_gan,train
2780,fake,projected_gan,train
2781,fake,projected_gan,train
2782,fake,projected_gan,test
2783,fake,projected_gan,test
2784,fake,projected_gan,test
2785,fake,projected_gan,train
2786,fake,projected_gan,train
2787,fake,projected_gan,train
2788,fake,projected_gan,test
2789,fake,projected_gan,train
2790,fake,projected_gan,train
2791,fake,projected_gan,train
2792,fake,projected_gan,train
2793,fake,projected_gan,test
2794,fake,projected_gan,train
2795,fake,projected_gan,train
2796,fake,projected_gan,train
2797,fake,projected_gan,train
2798,fake,projected_gan,test
2799,fake,projected_gan,train
2800,fake,projected_gan,test
2801,fake,projected_gan,train
2802,fake,projected_gan,train
2803,fake,projected_gan,test
2804,fake,projected_gan,test
2805,fake,projected_gan,train
2806,fake,projected_gan,train
2807,fake,projected_gan,train
2808,fake,projected_gan,train
2809,fake,projected_gan,test
2810,fake,projected_gan,test
2811,fake,projected_gan,train
2812,fake,projected_gan,train
2813,fake,projected_gan,train
2814,fake,projected_gan,train
2815,fake,projected_gan,train
2816,fake,projected_gan,train
2817,fake,projected_gan,train
2818,fake,projected_gan,train
2819,fake,projected_gan,train
2820,fake,projected_gan,train
2821,fake,projected_gan,test
2822,fake,projected_gan,train
2823,fake,projected_gan,train
2824,fake,projected_gan,train
2825,fake,projected_gan,test
2826,fake,projected_gan,train
2827,fake,projected_gan,train
2828,fake,projected_gan,train
2829,fake,projected_gan,test
2830,fake,projected_gan,train
2831,fake,projected_gan,test
2832,fake,projected_gan,test
2833,fake,projected_gan,train
2834,fake,projected_gan,test
2835,fake,projected_gan,test
2836,fake,projected_gan,train
2837,fake,projected_gan,train
2838,fake,projected_gan,train
2839,fake,projected_gan,train
2840,fake,projected_gan,train
2841,fake,projected_gan,test
2842,fake,projected_gan,train
2843,fake,projected_gan,train
2844,fake,projected_gan,train
2845,fake,projected_gan,train
2846,fake,projected_gan,train
2847,fake,projected_gan,train
2848,fake,projected_gan,train
2849,fake,projected_gan,test
2850,fake,projected_gan,test
2851,fake,projected_gan,train
2852,fake,projected_gan,train
2853,fake,projected_gan,test
2854,fake,projected_gan,train
2855,fake,projected_gan,train
2856,fake,projected_gan,train
2857,fake,projected_gan,test
2858,fake,projected_gan,train
2859,fake,projected_gan,train
2860,fake,projected_gan,train
2861,fake,projected_gan,train
2862,fake,projected_gan,train
2863,fake,projected_gan,train
2864,fake,projected_gan,train
2865,fake,projected_gan,train
2866,fake,projected_gan,train
2867,fake,projected_gan,train
2868,fake,projected_gan,train
2869,fake,projected_gan,train
2870,fake,projected_gan,train
2871,fake,projected_gan,train
2872,fake,projected_gan,train
2873,fake,projected_gan,test
2874,fake,projected_gan,train
2875,fake,projected_gan,train
2876,fake,projected_gan,train
2877,fake,projected_gan,train
2878,fake,projected_gan,train
2879,fake,projected_gan,train
2880,fake,projected_gan,train
2881,fake,projected_gan,train
2882,fake,projected_gan,train
2883,fake,projected_gan,train
2884,fake,projected_gan,test
2885,fake,projected_gan,train
2886,fake,projected_gan,train
2887,fake,projected_gan,test
2888,fake,projected_gan,test
2889,fake,projected_gan,train
2890,fake,projected_gan,train
2891,fake,projected_gan,train
2892,fake,projected_gan,train
2893,fake,projected_gan,train
2894,fake,projected_gan,train
2895,fake,projected_gan,train
2896,fake,projected_gan,train
2897,fake,projected_gan,train
2898,fake,projected_gan,train
2899,fake,projected_gan,train
2900,fake,projected_gan,train
2901,fake,projected_gan,train
2902,fake,projected_gan,train
2903,fake,projected_gan,train
2904,fake,projected_gan,train
2905,fake,projected_gan,train
2906,fake,projected_gan,train
2907,fake,projected_gan,train
2908,fake,projected_gan,train
2909,fake,projected_gan,test
2910,fake,projected_gan,train
2911,fake,projected_gan,train
2912,fake,projected_gan,train
2913,fake,projected_gan,train
2914,fake,projected_gan,train
2915,fake,projected_gan,train
2916,fake,projected_gan,train
2917,fake,projected_gan,train
2918,fake,projected_gan,train
2919,fake,projected_gan,train
2920,fake,projected_gan,train
2921,fake,projected_gan,train
2922,fake,projected_gan,train
2923,fake,projected_gan,train
2924,fake,projected_gan,test
2925,fake,projected_gan,train
2926,fake,projected_gan,train
2927,fake,projected_gan,test
2928,fake,projected_gan,train
2929,fake,projected_gan,train
2930,fake,projected_gan,train
2931,fake,projected_gan,train
2932,fake,projected_gan,train
2933,fake,projected_gan,train
2934,fake,projected_gan,train
2935,fake,projected_gan,test
2936,fake,projected_gan,train
2937,fake,projected_gan,train
2938,fake,projected_gan,train
2939,fake,projected_gan,train
2940,fake,projected_gan,train
2941,fake,projected_gan,train
2942,fake,projected_gan,train
2943,fake,projected_gan,train
2944,fake,projected_gan,train
2945,fake,projected_gan,train
2946,fake,projected_gan,train
2947,fake,projected_gan,train
2948,fake,projected_gan,train
2949,fake,projected_gan,train
2950,fake,projected_gan,test
2951,fake,projected_gan,train
2952,fake,projected_gan,test
2953,fake,projected_gan,train
2954,fake,projected_gan,test
2955,fake,projected_gan,train
2956,fake,projected_gan,train
2957,fake,projected_gan,train
2958,fake,projected_gan,test
2959,fake,projected_gan,test
2960,fake,projected_gan,test
2961,fake,projected_gan,test
2962,fake,projected_gan,train
2963,fake,projected_gan,test
2964,fake,projected_gan,train
2965,fake,projected_gan,train
2966,fake,projected_gan,test
2967,fake,projected_gan,train
2968,fake,projected_gan,train
2969,fake,projected_gan,test
2970,fake,projected_gan,train
2971,fake,projected_gan,train
2972,fake,projected_gan,test
2973,fake,projected_gan,train
2974,fake,projected_gan,test
2975,fake,projected_gan,train
2976,fake,projected_gan,train
2977,fake,projected_gan,train
2978,fake,projected_gan,train
2979,fake,projected_gan,train
2980,fake,projected_gan,train
2981,fake,projected_gan,train
2982,fake,projected_gan,train
2983,fake,projected_gan,train
2984,fake,projected_gan,train
2985,fake,projected_gan,train
2986,fake,projected_gan,train
2987,fake,projected_gan,train
2988,fake,projected_gan,train
2989,fake,projected_gan,train
2990,fake,projected_gan,test
2991,fake,projected_gan,train
2992,fake,projected_gan,train
2993,fake,projected_gan,train
2994,fake,projected_gan,train
2995,fake,projected_gan,train
2996,fake,projected_gan,train
2997,fake,projected_gan,test
2998,fake,projected_gan,train
2999,fake,projected_gan,test
3000,fake,stylegan3,test
3001,fake,stylegan3,test
3002,fake,stylegan3,test
3003,fake,stylegan3,test
3004,fake,stylegan3,test
3005,fake,stylegan3,test
3006,fake,stylegan3,test
3007,fake,stylegan3,test
3008,fake,stylegan3,test
3009,fake,stylegan3,test
3010,fake,stylegan3,test
3011,fake,stylegan3,test
3012,fake,stylegan3,test
3013,fake,stylegan3,test
3014,fake,stylegan3,test
3015,fake,stylegan3,test
3016,fake,stylegan3,test
3017,fake,stylegan3,test
3018,fake,stylegan3,test
3019,fake,stylegan3,test
3020,fake,stylegan3,test
3021,fake,stylegan3,test
3022,fake,stylegan3,test
3023,fake,stylegan3,test
3024,fake,stylegan3,test
3025,fake,stylegan3,test
3026,fake,stylegan3,test
3027,fake,stylegan3,test
3028,fake,stylegan3,test
3029,fake,stylegan3,test
3030,fake,stylegan3,test
3031,fake,stylegan3,test
3032,fake,stylegan3,test
3033,fake,stylegan3,test
3034,fake,stylegan3,test
3035,fake,stylegan3,test
3036,fake,stylegan3,test
3037,fake,stylegan3,test
3038,fake,stylegan3,test
3039,fake,stylegan3,test
3040,fake,stylegan3,test
3041,fake,stylegan3,test
3042,fake,stylegan3,test
3043,fake,stylegan3,test
3044,fake,stylegan3,test
3045,fake,stylegan3,test
3046,fake,stylegan3,test
3047,fake,stylegan3,test
3048,fake,stylegan3,test
3049,fake,stylegan3,test
3050,fake,stylegan3,test
3051,fake,stylegan3,test
3052,fake,stylegan3,test
3053,fake,stylegan3,test
3054,fake,stylegan3,test
3055,fake,stylegan3,test
3056,fake,stylegan3,test
3057,fake,stylegan3,test
3058,fake,stylegan3,test
3059,fake,stylegan3,test
3060,fake,photoshop,test
3061,fake,photoshop,test
3062,fake,photoshop,test
3063,fake,photoshop,test
3064,fake,photoshop,test
3065,fake,photoshop,test
3066,fake,photoshop,test
3067,fake,photoshop,test
3068,fake,photoshop,test
3069,fake,photoshop,test
3070,fake,photoshop,test
3071,fake,photoshop,test
3072,fake,photoshop,test
3073,fake,photoshop,test
3074,fake,photoshop,test
3075,fake,photoshop,test
3076,fake,photoshop,test
3077,fake,photoshop,test
3078,fake,photoshop,test
3079,fake,photoshop,test
3080,fake,photoshop,test
3081,fake,photoshop,test
3082,fake,photoshop,test
3083,fake,photoshop,test
3084,fake,photoshop,test
3085,fake,photoshop,test
3086,fake,photoshop,test
3087,fake,photoshop,test
3088,fake,photoshop,test
3089,fake,photoshop,test
3090,fake,photoshop,test
3091,fake,photoshop,test
3092,fake,photoshop,test
3093,fake,photoshop,test
3094,fake,photoshop,test
3095,fake,photoshop,test
3096,fake,photoshop,test
3097,fake,photoshop,test
3098,fake,photoshop,test
3099,fake,photoshop,test
3100,fake,photoshop,test
3101,fake,photoshop,test
3102,fake,photoshop,test
3103,fake,photoshop,test
3104,fake,photoshop,test
3105,fake,photoshop,test
3106,fake,photoshop,test
3107,fake,photoshop,test
3108,fake,photoshop,test
3109,fake,photoshop,test
3110,fake,photoshop,test
3111,fake,photoshop,test
3112,fake,photoshop,test
3113,fake,photoshop,test
3114,fake,photoshop,test
3115,fake,photoshop,test
3116,fake,photoshop,test
3117,fake,photoshop,test
3118,fake,photoshop,test
3119,fake,photoshop,test
